8964,5760
8788,9957
2900,1483
2535,3272
768,7846
4246,9479
2071,9217
6905,9934
5003,3289
9635,4110
3216,4126
9462,6824
3322,7957
3548,9611
321,2871
9873,7421
9291,2993
6722,6949
2796,5476
1375,3408
7058,6987
4098,6155
3388,4621
2942,9239
9539,4308
9002,5889
1791,6943
8172,3356
128,4480
9421,4249
849,9455
5743,1464
6305,3170
8725,1062
6158,426
5304,6105
2163,5565
309,4710
7583,5343
9723,6440
9467,4525
5087,6625
8330,2768
3453,9941
5950,3904
6265,5115
7149,5699
258,5191
1756,5420
6006,4321
5269,6027
570,5011
2955,4384
5026,3397
6859,2195
8950,8244
5475,7614
8102,1972
7903,3653
8118,669
2693,4239
4094,6472
6795,7533
3327,959
5604,5975
8795,5971
4456,7286
6938,9682
5987,8880
279,2568
243,8014
2374,9301
3770,5283
3818,778
3152,9969
7108,202
8444,630
8683,5230
5824,3348
7459,6646
1308,1768
4134,7047
7545,6692
2677,8836
5716,4322
832,8625
9236,7327
4272,1413
3425,9668
7321,8660
510,7862
8810,3218
3013,996
3701,3190
2697,4869
8502,7156
1217,4475
1694,4353
783,7069
5353,162
530,9837
1263,9551
6507,3888
8549,8101
548,7258
4096,5603
3981,4157
4435,6097
2557,6415
689,6434
5921,8364
4301,8410
1929,9691
2625,6800
319,9344
8749,7809
1703,1807
4789,4692
7392,9674
2814,3403
9696,6590
4285,2446
306,3533
9450,9943
5801,5866
6904,8124
8086,4345
144,1965
2600,6313
6256,8961
7877,5389
7028,7079
3558,348
1000,6738
7615,1042
84,161
3670,9169
8100,8914
6477,166
1005,8842
7025,9188
1163,3383
9831,1627
4313,2088
3922,2390
4953,3628
587,9866
7839,4818
2047,6740
7026,5154
8591,3721
608,3460
1994,1084
5231,939
6106,8903
9828,2396
5514,6399
8371,660
2672,3492
1449,8125
4921,5211
9060,5279
6958,9765
4263,5954
4127,8676
1061,2481
7739,6712
8845,489
5056,8390
8215,3390
64,9607
542,3376
2920,901
1645,6286
2912,2662
5273,4888
2523,1240
9585,3017
2685,6726
4469,1251
6296,1697
8174,151
8282,6792
9224,4437
455,2095
4516,6462
2395,7662
9347,9492
6706,9935
1628,1105
8942,6791
8351,942
3887,7336
2815,2864
6034,9478
276,7966
3397,6261
4185,5779
5121,3978
2031,9962
9290,3637
7336,8191
5562,9504
796,7746
8729,1401
793,7860
1236,6223
5063,1367
1809,8295
3315,5120
3434,5626
7795,7290
6378,7542
8500,1484
537,3777
1526,2316
3038,853
7594,6805
6220,801
7705,8195
709,8165
1516,6729
2770,1358
1828,6671
5451,3064
2028,1443
8413,7469
8190,9098
1523,4461
3734,3324
8997,6519
6796,4349
2320,7065
4537,2259
3551,9989
8144,723
8450,3534
7019,6991
8588,3372
4204,6975
4669,5807
3557,4848
3733,637
9014,3915
985,3841
8869,8031
6277,18
9550,7654
3808,90
2005,4608
4804,9891
1253,3023
9890,477
6020,9012
8565,8680
3505,3925
9653,786
3553,1469
4533,2461
1094,9246
7307,432
8608,338
2352,445
5070,3764
794,1606
5094,7316
3415,1652
6131,1000
4381,6424
1082,5728
915,6728
1129,2097
9249,9475
506,7511
4117,3985
4891,8482
7320,4451
4949,9061
7006,7642
5166,6295
8347,812
9245,4859
5835,9052
1684,4513
5790,7193
9504,4279
9158,9838
1598,616
8047,6560
7949,4348
5757,1100
5421,6368
9021,6429
9086,4981
6840,9227
7316,915
1460,8693
1512,2808
6389,8591
6188,9620
471,192
7398,8491
8232,9166
9108,2959
2422,4007
4327,7917
2493,2129
2145,9697
6117,3109
5324,8426
4481,2777
4698,626
6910,857
9573,9130
7054,8332
551,2930
1226,4983
8306,9383
329,3958
3934,3995
236,6206
5043,4088
7020,2670
5700,4103
4390,6759
9674,1696
1023,1250
4933,2937
7034,2273
6609,333
5605,7848
4384,3626
7843,1480
9698,5509
6873,5946
4877,129
7107,2255
7602,4343
6642,8517
7669,1984
666,7524
2714,5992
4633,7081
9270,6767
1591,6182
7233,3981
4966,7510
2835,628
3811,3301
3565,2867
7549,3965
9089,3625
2458,8414
9269,8773
5537,4925
9950,3544
2869,6779
8724,5053
6105,3320
9008,6015
4942,767
4424,6508
6098,7935
5826,7704
4521,6537
5193,6681
1577,2333
9248,6247
4616,8922
4913,3727
6704,3093
2826,4070
8789,6940
7785,6702
9143,4745
707,4602
3330,4245
4445,2897
5004,6720
1501,5332
7496,610
3531,8264
8281,7594
278,5497
4551,1930
6444,8559
5115,8018
8345,1404
15,577
3116,1379
92,889
9852,7491
1310,1877
9583,9195
1542,6301
8911,6658
4188,8216
9399,3151
2353,9626
1704,6397
2212,948
6385,7647
8002,5524
3363,1297
6094,8094
1871,4569
8679,796
7423,2410
1206,9619
6559,5832
7408,9708
8271,9360
5928,6743
3337,3031
5207,7810
4336,9139
5213,8350
4658,3851
2165,6210
4019,2678
1755,4022
3507,731
3342,7899
9811,1393
9294,5373
1446,2
4842,9841
9935,6099
9804,2207
8759,2173
9506,2798
3514,8887
4250,5218
4232,2538
631,2671
9809,6870
5881,6895
3750,4780
6723,9379
1353,1261
8493,4576
3853,387
9350,6020
6302,674
3043,8308
1486,8464
365,1591
3317,6686
8871,4915
8081,3078
5112,1389
9895,6532
3280,1732
6255,9712
9217,5448
4510,3729
6110,9728
6808,9282
3373,2856
4670,5805
2370,6775
11,1036
1966,6336
8812,5718
1716,2968
6176,7798
7722,9369
1750,6766
4085,4965
5766,3650
312,5601
5929,6864
8902,4879
5900,5903
9509,7249
1943,3549
1261,3636
3935,1016
634,5348
6485,3587
320,3881
8094,9690
8333,5239
4818,1185
4409,9219
6371,716
1888,647
8645,938
853,5677
623,2351
7925,8204
6470,9186
6067,4566
5963,4148
8837,3130
8481,3353
7119,6391
1481,4024
9699,7020
1638,9165
9724,3361
7013,9470
765,2580
184,9402
651,9635
1168,3052
1072,3522
1973,219
3242,4889
4985,6997
8149,1814
3662,7412
6580,6439
462,441
2917,3949
8764,5989
5340,3334
3435,164
625,1123
3175,3114
4042,6884
6402,5163
7300,7261
6700,2087
1986,2741
9451,3515
5980,4589
6304,2703
6288,8919
6900,651
9993,8341
1745,1514
4724,1629
68,5831
5044,413
6081,8571
277,5080
5610,5338
8624,3858
7525,4951
1576,1760
2402,2196
4695,6255
1185,2612
8112,9260
4088,5697
3251,364
5953,7903
3898,4923
5989,452
9283,3584
3357,9062
9003,3392
5295,6978
164,407
2530,9965
407,5686
245,180
3913,4676
2630,7513
7209,6421
266,6568
2803,8729
6521,6533
8486,7228
2258,7256
4311,1978
5540,8636
9211,5811
9732,9296
807,6089
394,6862
9662,3452
8900,5762
5364,2034
5076,704
3428,9277
730,3608
3674,3072
8940,9920
8379,2748
3103,2977
1921,9878
3969,6722
2772,1794
4440,4515
9301,7650
359,7553
1229,3710
5820,5071
7976,3111
1813,6647
1872,845
7380,4579
3090,1568
8372,1099
370,7221
1457,7456
6974,2848
4130,6675
5750,9433
984,1292
8755,8528
6009,2353
1297,2955
5515,9843
9937,3389
2123,7732
2971,3586
2687,3890
9776,4890
2774,8574
1038,8962
3107,772
4360,875
5870,149
5855,8454
1238,9228
90,3079
2850,5007
8210,2724
4194,8972
2233,6578
7383,8443
3279,6768
8435,63
8791,7403
5651,1347
5499,2230
2636,8778
6867,8844
5234,1422
1733,1576
2812,7188
7891,9255
5671,6820
7041,7791
7182,9279
6263,4094
6692,8988
7790,5291
6080,5740
4919,5690
1228,9966
2641,2784
8324,1564
3764,6091
5822,5518
6074,1584
8229,1893
1147,8268
1836,1549
9292,385
5236,4166
5039,4350
7449,6742
1953,1994
6563,2315
643,9109
430,2210
6572,9290
2991,859
9605,8459
1097,4453
6764,4377
3417,4658
7038,7629
4836,70
9190,945
2698,8446
1030,8208
1521,9670
5618,9719
9850,9192
6789,6151
8522,645
3276,3912
3772,1879
6055,9754
2842,4935
1936,8391
9029,2873
2360,3596
2419,3975
5518,4709
5939,1046
6257,8010
2181,7037
1258,3124
9972,3932
8606,8227
7931,309
6209,4560
6346,4170
5582,3769
7852,8662
3420,3258
808,515
4248,3565
5891,4834
925,6023
8014,7880
9741,4269
2505,593
6292,2415
9441,6563
1795,5914
9688,6928
1671,1901
3658,9833
4717,4765
6488,8070
4954,3192
7193,9160
9815,6476
6621,6575
6428,4909
6713,184
1912,1290
6760,756
8592,3726
5477,5130
5376,5883
5118,1923
2863,7676
3148,5936
834,7345
554,3675
7022,8560
858,4878
374,3044
3149,8780
9342,4756
8543,3198
7416,9973
9030,2621
2166,7852
3473,9405
7634,5323
4548,2042
6407,4851
8128,8701
7716,5876
3899,9862
5187,6566
4799,7572
2978,6727
4865,1303
2539,9877
7799,2246
1917,1200
2733,4496
5645,4551
5735,7567
496,8646
4016,8890
4091,4020
2822,1640
9397,3247
6955,6202
9858,404
7339,3651
9043,3117
2753,8882
7283,5981
4979,3623
5775,2254
8621,2653
8231,6569
9227,8929
3311,5288
5356,2306
3835,3085
987,9652
6289,5203
7663,7507
1179,7954
2405,3127
8063,1647
2660,3779
923,8720
1149,3271
6320,762
2916,3055
9518,4905
8882,297
5990,795
970,3842
9986,3014
3015,9
7937,193
4716,7431
5172,6570
8003,8712
4378,5074
185,1370
9717,6526
4202,8752
4148,1411
8720,1949
9639,3513
738,4875
6200,6651
9400,4703
9079,8331
1509,3633
1889,4347
9305,3137
2575,1392
7363,4165
8716,226
1274,2460
396,1089
6765,638
4707,7232
2811,3387
2316,7992
3422,9087
1995,3997
8310,3252
3950,8347
9016,3498
6768,5256
5845,2940
872,4392
531,3398
5917,6347
1779,7625
3941,7885
8177,2380
598,2084
3889,8066
4459,523
9482,6691
292,3248
8927,8964
3782,6889
6891,4883
2990,4424
2684,2441
3730,7374
2873,3898
6326,3046
7335,6539
646,3829
4077,9679
7706,4263
1698,1543
5526,8658
2102,7867
3994,216
5455,4463
9608,848
1408,9202
3230,2245
5243,3082
6328,5646
4060,5432
8650,327
5387,9792
6130,214
2700,5871
3032,1321
2441,9238
7063,6272
9557,2638
5506,7938
7982,6408
6309,2405
8307,4140
3512,9073
6453,3141
9748,8352
6792,6947
1461,5928
9164,3104
2023,3546
7280,5847
357,7683
6420,8821
1768,8602
3448,7815
3241,7075
2185,1490
9543,8775
1785,9766
9425,6826
145,4324
8768,3232
7653,799
711,296
8054,8274
5793,7996
5045,7267
7577,7098
9011,9663
2930,1623
7130,7139
8896,114
7791,2658
7985,2819
5611,2398
4735,8211
8657,5778
9906,4026
37,7626
9781,1396
2247,3138
2823,9716
4221,916
4914,6066
1774,6859
4975,2770
5863,5110
1050,6281
5817,2221
894,2752
4740,8864
5509,899
6735,9739
7506,7300
7889,7384
8168,9356
8114,78
5237,8925
8614,6370
4815,4697
5210,2878
7224,4190
937,5862
3069,847
3886,5025
7879,1586
4110,5408
8978,8132
9728,5221
4257,390
6462,2715
9207,9836
9260,4669
4255,5029
7792,7110
3001,1728
8313,9968
5873,7187
9675,8588
5469,3183
2339,7315
8921,2359
5759,3954
2423,8246
4277,1797
518,7805
5983,8957
7747,2905
7314,6275
8265,1544
3418,4999
3588,380
6888,9134
7360,5020
8524,6163
2847,5236
1413,5317
920,9954
9405,8253
4219,9376
3685,9419
7450,7056
5470,8079
8184,1663
9127,4874
9991,841
2132,9200
4080,7220
8191,4222
2561,6038
7309,8194
8533,987
8409,7739
959,8241
1874,5953
7519,7396
4428,885
3763,3175
5875,3778
7010,6735
4051,4366
8055,6490
1386,1649
6013,7090
9464,7162
2807,5319
5607,1968
5754,291
9338,6029
2580,3393
2057,8830
4235,68
3115,2321
2736,4108
9565,9921
3487,3689
7757,6332
6761,130
2871,7977
2406,2519
5828,1022
3626,6721
6443,5540
8634,1348
7942,2970
8404,4940
3455,5113
3463,9887
5054,5048
1673,5421
2552,783
8695,5772
3575,4685
6645,2740
2376,862
7608,1616
6847,263
7165,2840
6079,370
8889,8788
6465,3793
9396,2879
3821,560
1533,6208
706,292
6490,809
1354,2391
5082,9933
8335,74
1858,4872
2365,7382
3706,3504
2230,2047
9667,3216
1567,5182
2342,8500
8652,924
6576,1826
1476,2898
7505,7619
5693,2761
1801,8386
4855,864
7388,3300
6045,6973
3795,4268
1618,9947
3429,1554
1339,3095
1017,4742
2321,8428
4029,1577
4104,659
3445,8425
1372,4684
5680,9793
1390,8436
5002,673
3703,5957
678,7692
6190,6288
369,6528
7536,2105
4289,3366
9285,4630
2366,2544
5092,6999
1595,7472
934,7489
664,6212
5806,3246
927,1359
6204,7400
8076,8997
607,8876
6232,2057
9280,9040
9466,3060
2323,794
178,4624
8718,1835
8776,771
8546,887
4816,8385
2652,5331
3044,7951
1827,9695
6978,8141
8293,282
5952,9798
8236,9703
6312,7747
9578,497
6183,2369
7865,1284
2484,8592
4931,5752
6543,9928
3707,6796
4146,6333
2246,1324
3236,9045
4012,2153
477,520
5856,3155
9702,5299
677,2413
2385,4641
884,6953
7528,9654
2759,7854
4281,7560
8709,6485
100,4787
9651,7906
381,3551
4573,4559
4181,3167
5552,3980
535,2821
5152,6653
4325,2984
1608,3669
5567,1677
8049,7953
3195,3605
9357,9725
7447,8756
8325,8359
1960,6802
4137,7087
8090,3691
382,2093
9499,7936
3839,1758
3700,4998
9782,557
863,9528
710,5707
2087,3440
6424,3820
4926,7132
9365,9321
6475,8371
8783,6592
6358,3599
9192,434
3442,9327
5167,1664
3145,394
3361,4134
7655,4532
1727,1095
9853,5303
7012,6200
6314,7255
3366,9204
584,6237
1035,9912
9983,5782
562,4775
6088,1156
6877,2896
8747,4289
3561,6085
7481,7916
8214,100
5153,8506
9471,7923
4883,9713
2498,7871
9611,5145
810,5350
8361,3059
2747,9334
9725,6874
2070,4209
1022,9070
9072,8633
745,9956
931,4320
219,8927
8778,2718
8562,1731
7708,8572
4034,8078
3343,2926
1466,1245
3220,3700
2116,343
10,372
2228,5050
7620,2728
4182,1867
2024,351
1134,4072
6579,2177
7344,6838
3779,9850
1319,3443
9742,8286
6398,8965
8244,8805
8192,2483
9470,8834
355,9077
5868,8955
3354,9137
6633,3215
536,8825
833,4311
7769,4003
779,1013
5488,9211
4004,3591
2585,4714
2658,8809
3689,3736
4099,2044
9721,6134
7970,1741
2854,6456
7179,3415
1043,7807
586,1672
8077,1658
4143,2039
6452,7961
5861,6909
7353,3230
5851,8812
3542,8960
6252,3211
5938,6924
1235,406
7428,7176
7840,9220
7800,5149
2328,4237
5321,8049
1245,2900
126,6007
612,8541
3533,4086
2157,8215
2508,2773
8374,6848
951,2025
1793,6329
5492,1925
8320,8318
1568,1642
9036,1285
5052,9458
6737,4171
9665,9185
8331,6643
5597,642
2464,5405
3636,8905
667,2056
8436,5111
1928,6470
6775,6217
914,699
3740,7158
8061,8999
463,4725
7033,3717
8748,6620
6441,2811
2448,9870
2483,2613
2929,342
5886,1146
6942,8379
6235,994
8456,4956
9917,2511
9154,8232
3209,8192
1980,6241
7947,1118
6192,1799
5294,7154
5690,3728
3543,4767
4692,4089
3741,4648
1890,3243
7132,9178
7239,5618
3047,9449
814,6012
1546,1395
6506,8478
7955,4739
3257,5868
3902,9361
6019,1497
8884,3159
9961,6428
3498,1312
6348,2531
4778,301
9310,7587
6620,36
5770,9916
829,2826
7144,6825
6306,1455
2833,4000
2119,2650
2973,3878
7227,7559
4321,2928
31,7857
7492,3487
7080,1097
8240,1598
4547,5855
5412,5595
5323,7266
4135,1688
5916,3867
2038,5391
55,3265
1497,93
6623,3800
5417,286
2169,3696
1028,7262
6612,9003
4509,870
8579,4034
3187,4291
9878,5447
9545,5978
3285,8077
4160,7550
6664,4631
8018,6700
7247,7325
4407,1193
7162,9157
7589,7649
51,7369
9442,3068
6882,159
8488,8148
3158,3861
6244,1453
1471,9901
2946,1589
5161,3047
8890,891
9052,2942
7784,1420
7328,7640
8945,1895
1342,6203
6574,7184
6491,2787
8070,9970
2343,3342
6797,5385
9443,5076
9366,393
9457,6128
8628,918
9435,2516
7866,5591
2500,6299
7628,1353
483,6739
6962,6921
9851,2439
8677,6423
7914,5737
116,7094
8194,7036
8908,4105
989,1875
7003,257
7200,3992
6661,9127
7796,1274
5369,1641
9958,2631
8322,6883
2176,543
5131,8476
626,6194
9882,3511
7734,8335
6112,6413
7146,9971
7725,1504
4207,2556
9243,4642
6513,7190
1688,5326
9453,4903
733,7329
2345,6583
4171,5439
87,5364
5190,3656
7544,784
3211,6307
9553,6103
7688,2654
8121,8055
7159,8098
3774,1091
653,9759
3583,7878
9808,2017
2846,1916
6714,5209
1847,7041
3132,9191
3235,9382
2076,1287
3055,6233
789,8709
4284,3927
2201,33
7095,1712
878,6522
9169,4601
7633,6616
3075,7850
233,6663
3494,9801
2872,921
3402,1332
2645,634
3541,1197
1562,4957
6379,359
1213,975
7163,4633
3997,668
3204,459
797,6205
4943,9664
3410,926
3424,6379
2784,8730
9944,8402
4293,2276
6678,4185
6145,5900
4559,1116
9645,2988
5795,6479
5180,2704
6637,5842
7257,8121
3449,1967
4170,711
5331,7585
3461,8562
924,7117
8539,6976
860,2535
5368,1702
8642,8564
9303,6123
7069,3123
6194,9245
7234,951
4806,2027
4685,1133
4392,6765
3299,6243
2760,8133
3135,4340
9880,1178
1484,3873
5232,8334
7590,1974
961,6631
8175,1831
130,9503
4426,3928
7367,4068
3488,9593
720,3830
7318,4195
317,4217
113,1457
3619,9881
2919,4213
4579,9589
4340,1439
2108,4961
8480,6056
4218,9613
119,6253
5602,3261
4811,6718
2694,1424
2358,3704
992,5265
6383,2169
467,304
9806,6432
3520,2253
1632,779
1911,4546
9335,4508
9598,4445
7053,6986
14,1350
4952,6588
3697,8127
7285,3539
4359,1131
39,6041
5650,6763
8983,4111
3794,12
6283,6477
585,1329
1574,4432
7382,6181
4425,7981
3246,8137
1635,2885
4269,2420
9358,3042
5034,4954
470,1513
5558,5277
9033,2635
3300,954
1855,4473
1758,7438
9375,1674
9156,4561
6803,8329
8461,5496
4668,7151
6458,8164
9762,6358
4839,591
7919,7352
2986,3410
8298,4614
3002,7338
7261,5403
9630,9875
8071,2302
2884,2435
7088,9544
619,399
1430,5732
771,7565
5460,5313
9697,8063
7746,814
9785,3657
8603,1478
9384,671
670,7691
152,6245
1974,7208
5871,2891
8302,264
6949,3723
5171,8011
5218,1537
6215,703
9534,1068
3129,1929
4462,7059
6748,5948
1647,27
4718,1475
63,1604
3648,6162
4111,7053
790,7790
5078,499
7457,7141
3095,7946
6219,6073
5803,2543
5603,5176
7701,4298
3536,460
5958,4361
226,873
3316,5493
9861,9777
9340,3832
5846,5576
1056,4037
7562,9964
1131,8877
1180,1166
4800,7479
776,7239
3723,2459
521,1331
2171,341
9790,7031
8643,7949
8261,4823
2779,1461
3430,2844
8936,4118
7110,2705
6375,6256
3287,8899
2147,9653
6201,9252
965,3575
2742,6119
34,2851
4021,9414
8173,3381
1374,8857
67,3761
2688,308
3335,5987
426,5511
2571,976
6675,5572
4690,4410
7662,6657
1534,165
8561,8050
1031,7231
9281,6118
7244,8230
4833,838
778,9827
6260,8226
9939,9510
7071,3328
6898,5036
9067,7883
6965,2504
1592,3970
8971,2837
7847,3196
9860,5017
2865,3368
1489,5215
8209,3496
7805,4877
7952,2150
4184,4809
190,7322
3228,8769
604,2419
2993,7928
9625,8168
3460,1563
8268,7360
9057,7365
344,6315
6945,9357
1065,1471
8260,8645
1059,7925
6149,6032
736,8213
2016,6544
4528,3715
6278,9281
7098,5819
2623,4850
5551,3056
360,5187
8962,5768
9139,113
3633,7474
9971,7766
5274,249
5688,6337
1288,7366
7665,3937
1026,4132
136,7308
1634,9700
755,6922
1724,442
3846,2183
1112,5821
2880,9209
5370,51
3745,2227
7974,9158
4353,4949
5316,8076
2651,739
8804,913
5305,1571
1348,5633
7812,2870
8157,3682
1439,3323
3829,1399
8402,4976
9100,3154
7334,5010
9778,1509
4576,6221
7448,6236
4937,9434
895,37
3641,7099
4013,7281
6231,1328
6718,3349
5583,6359
6528,138
2167,122
5337,4947
4798,2489
5099,6102
5972,9930
7155,9154
4552,1176
8104,9415
2617,6207
7849,2012
4328,4050
379,7466
1744,8207
4619,8970
979,1621
286,2524
3642,5086
5096,3570
2234,8751
6658,2595
7070,5938
6813,6540
5783,8798
629,2855
7504,7043
9948,4017
7139,153
3078,8505
4575,1304
744,9147
8384,2874
4031,5155
4490,3147
5288,4804
2864,3373
3736,7289
1691,3099
5048,9756
6607,1798
3469,4104
6966,8037
1926,769
4251,3402
8598,3745
9404,9221
2682,8
1540,2521
7553,4743
2372,7832
7011,1364
8681,7356
2890,7751
3340,9329
7136,7273
2486,9781
5768,3472
2601,9983
7556,7307
4757,6063
5419,5401
6041,9022
9461,2746
852,7876
4209,2163
7097,7252
5441,4243
6429,1454
9264,1111
8199,6306
247,8434
155,9556
295,643
3093,5894
8134,5200
3097,7990
8464,2443
6989,9212
5073,5153
1658,1788
7601,6866
248,5127
398,3524
7258,3309
6268,7563
1198,395
7405,3945
1246,1772
6560,5477
2899,4824
3987,3600
4655,6139
4163,9770
9967,2528
7940,2602
9541,3447
7103,9915
2968,1247
2444,678
9559,6530
4672,528
8154,1782
7342,7050
5646,7679
6849,9346
4259,233
8266,5960
3912,1573
7679,6860
4193,8749
6482,2176
3143,5588
1146,7442
5264,788
1266,7021
6426,2862
972,6509
529,7604
5226,9471
7365,623
4734,1783
7262,8072
1173,2314
4730,9959
1284,1839
5444,315
2548,4326
1190,305
9437,5519
5683,8231
1622,331
4414,3288
7249,9868
5116,1048
5869,986
2021,8399
5104,3400
3900,3479
1863,190
4803,4914
1186,5241
2000,3407
170,6304
8960,5410
6286,7592
8582,8546
821,1080
1427,143
280,8457
8629,565
2862,7112
6777,9786
4233,1551
6732,121
1825,1625
255,2303
665,6756
8910,2720
443,3901
5186,2697
2752,4411
9146,4772
3083,5352
6827,7324
9842,8734
8556,1260
1721,7761
1320,2691
685,4627
7793,8736
6258,1280
4578,3946
2981,3213
8659,7361
1101,7632
291,4846
8212,4688
8617,8354
179,7271
2802,9659
5189,7443
3233,9538
1251,5653
7133,47
8808,9560
4540,2208
4904,7997
2924,8784
5668,4408
676,2422
5471,7664
8860,9742
9041,9517
9097,215
7957,1242
1886,2266
2435,6846
6993,8267
2452,1830
8726,3809
9209,701
9661,7406
2033,9315
9960,6115
5577,7536
5006,8578
1898,2997
978,2431
1594,7603
5268,5460
8216,2688
6095,9411
8751,7225
3019,6832
2209,5201
1692,3667
7127,207
7454,8833
7116,2500
1490,1815
9716,8320
912,3174
5086,464
6987,6195
5704,4620
2606,7573
547,2490
6279,1747
2525,8937
4845,2646
6581,4091
3254,6891
4342,8690
4813,9338
8972,3312
1925,5625
4199,6942
993,9532
132,6555
2969,6558
8805,3189
7860,6388
5443,7651
6459,6689
3847,5427
5432,6297
3857,3708
8280,861
5731,5644
3696,81
2495,2493
9326,4064
6759,9206
400,5874
9092,1885
7177,1796
8692,6644
4002,2281
7175,6915
5100,4793
98,9054
1452,4156
9191,501
9456,7073
8171,5306
2096,1766
7236,5197
7271,6694
2229,9285
9075,7905
7171,6445
2579,8381
6413,8526
6571,246
7569,5021
8337,9637
1907,656
8649,4318
8731,9232
5448,2222
4801,5077
5282,2365
788,9799
546,4493
6749,4530
2224,2313
9924,7372
5298,950
8531,4441
3081,9258
4761,4150
139,1235
4739,6594
3832,4038
2507,84
1581,2267
4762,1298
7773,4574
7980,4512
4763,6487
9556,599
3882,9514
28,1851
4145,966
2616,4011
3600,2921
1885,150
1607,7135
601,6422
6466,4702
1192,6447
3433,7612
5825,6349
3649,7343
6179,3325
7841,239
7667,8317
5379,2240
7117,2099
9814,1804
8050,6904
3825,757
3338,9818
4079,2579
3618,1670
3731,9389
340,537
9369,4992
3819,1044
6374,8024
6631,9436
1257,9824
38,4852
9429,5225
6894,7334
2259,8470
7186,5791
7816,4979
2574,7931
9524,8700
7941,474
9093,5905
5140,8909
7270,9744
2369,9133
8498,5684
8656,7531
5934,2263
1220,140
3277,6284
8986,8239
4912,2892
9027,8742
3529,139
1364,9823
6639,4199
4915,9509
9204,8260
4614,3679
7005,7388
1499,6853
9684,2474
4522,9284
6400,9704
3472,2256
2240,3634
948,3582
5055,2792
7222,686
8110,4224
8013,5635
8033,389
8515,9910
9930,5227
1748,5380
7778,8932
4893,1873
3509,6008
6261,3818
683,7478
5067,6809
2152,6263
7822,4575
4660,6381
4126,9741
4443,7027
3253,8309
2207,5688
4307,4619
5905,8656
1167,7133
4150,5577
2086,5799
6691,800
7876,7318
7087,3429
7274,9187
2092,7918
6373,3181
6202,8059
214,2394
5595,9750
4648,6340
4999,8743
6153,6994
8844,7014
2537,5044
3861,8235
40,4613
9891,5311
9750,3719
8084,2054
3563,6695
7911,7764
125,7630
433,5548
4535,220
83,3961
9984,6107
2025,3540
6930,4048
5778,7108
9090,9324
2120,9205
2934,5841
735,4563
6494,759
3203,5175
7568,998
157,112
2048,2529
8792,5135
3581,5057
4974,5934
7623,8081
3154,5435
5030,3239
2595,2554
8467,727
5192,5322
2151,5156
3312,1876
5794,8103
7294,5237
324,5724
3714,9570
2741,7433
3255,2902
9738,6565
1011,7575
1738,1881
6327,4248
2168,2842
9889,2512
52,2341
3967,4545
899,5205
1467,685
4846,217
7350,5660
5585,586
229,2882
7429,3401
5772,6567
1398,8433
4314,5534
82,3566
3058,8858
3686,1406
8831,7368
4704,2690
5907,2114
5214,9345
687,3281
9231,6780
3121,9393
7675,6541
4418,5088
9352,6363
6529,8971
2178,4958
4430,6469
6448,4581
5292,4076
6968,5027
5931,4425
9620,7633
1867,7889
142,9138
5895,931
8078,3630
262,2384
5418,3776
6049,3299
1462,7028
8782,2194
6547,8022
7969,7638
3784,4554
5066,4996
216,1186
6662,4655
5223,3386
9018,4371
5311,963
5529,7821
9182,9519
8142,4570
9718,3280
6338,40
1972,4987
7145,5296
8009,2664
8552,7197
5596,5897
5838,7357
5289,8711
552,646
7539,4270
7859,4519
4788,4383
6476,6122
9374,6662
9612,6788
9982,9649
3667,3439
334,823
7909,4460
1183,9028
1432,1964
5502,995
9722,9963
7659,1165
1558,2922
3918,396
2936,6744
9837,1112
7856,7752
8570,2745
9257,1659
3275,7528
1066,3797
1783,2296
6842,1416
6438,8794
5837,9181
207,4544
7161,9118
2177,9520
892,427
6138,3160
4379,2972
5944,4748
4385,2643
4749,6863
657,1106
6599,9698
2266,2822
3244,8796
5278,1426
6863,1771
5745,1038
7629,1857
812,6521
3141,381
7690,6613
9592,1950
297,347
1832,1463
1914,7894
4945,7413
8079,6553
4084,1138
7375,6640
3457,7950
4422,1780
4884,5741
8193,828
5896,9576
414,1187
2080,1054
4278,7449
9133,244
4044,9961
2335,3333
7418,2706
7585,3120
9175,4299
1958,3253
2324,4439
9068,9826
5538,863
4751,5451
3749,879
6120,9790
3793,7260
7756,7884
9546,57
3026,5648
751,3434
3064,6699
9530,6601
7354,8753
6042,3306
1798,6283
609,1956
9593,8989
5850,4919
8655,7198
112,5489
2194,1217
8242,4616
8470,7013
2607,4267
45,3298
9877,702
9839,7839
6755,5252
6940,2051
9707,1026
3924,1421
1687,3475
4465,3910
7872,6992
5272,225
289,9882
7037,7337
8728,4254
1920,9490
6102,2632
4539,8494
4155,9684
4694,5545
8853,4019
2806,10
4076,5301
1351,1597
6359,2866
5685,2128
571,4418
4395,7096
7482,2924
4452,934
3502,6989
6342,4540
715,4370
9406,3041
7045,8782
6015,6849
2805,9543
6826,8279
7478,7185
6630,2806
6137,3665
3306,7498
7964,5399
4638,2944
2977,7608
903,8284
8994,362
8431,1969
3596,6676
6397,7833
6181,5232
7731,5159
4208,4649
7251,126
9214,8205
8609,9390
9829,1423
1971,7819
5125,6145
4647,8977
5093,1307
5103,664
8834,9038
5715,1301
9282,6629
8459,7820
1818,4367
97,7569
2054,1503
8162,9755
767,1562
705,2175
5844,6279
7810,2667
6442,2201
5031,8395
4288,2289
7631,3610
9494,2340
7039,473
3684,4629
9168,4928
2646,7526
390,824
1194,2104
6229,4435
4545,8058
3186,8047
9535,2912
1270,3804
3800,3859
2411,7598
9989,9021
3872,8069
580,1017
7237,2626
3756,1351
4187,6442
5918,2503
5136,8893
7349,1372
7035,5722
9371,9632
3952,7728
7096,3388
803,1519
1369,7358
4584,2232
5258,3871
1049,7444
8757,1252
4368,3103
7164,8793
6108,773
2060,1694
3852,5415
5734,4054
5041,2416
2103,7152
395,7808
5480,346
5997,7049
8368,5388
7499,9651
49,6977
5182,1926
5631,5084
2356,8991
2975,6545
8179,6591
9040,267
1080,8551
6056,1853
6720,5418
5930,8963
760,3227
8796,740
3944,5913
4924,2950
3110,3445
8008,3000
4326,2282
6455,8322
5132,7122
4722,6138
6319,8445
8806,6074
3328,3905
5154,8673
7581,6380
2066,39
3812,2673
9713,6784
7787,6438
4645,160
4120,7247
5085,6002
1116,4955
4403,3632
2887,101
8428,107
6236,561
210,4864
4574,307
732,7617
823,7116
2175,6748
5240,8172
3286,7893
397,7424
1463,6930
7278,218
7826,876
4503,7153
6269,9201
7154,3694
1584,990
4015,8036
9884,7473
6708,3556
3201,9522
3074,9587
3263,323
7632,9162
2127,2629
8998,6851
4270,3908
590,5253
206,3070
7673,5561
1984,2312
1127,2271
2412,6451
952,9614
9299,1634
5927,2700
7943,5118
8697,3503
9622,5611
9221,9600
8560,9131
7099,923
6555,6584
4725,5325
4544,3840
8862,1555
6010,9689
3439,2002
2050,5137
8366,9726
4322,9272
62,8413
4132,1844
3804,7234
5126,6468
1063,1221
3054,3836
7846,3900
2114,991
2596,6114
5920,7314
6520,1167
6415,66
6065,3724
9151,8198
7501,6706
1934,8299
3377,7270
9465,9929
8754,2406
4957,8157
1674,334
8425,5670
2543,8263
7721,2551
5001,3204
1518,3963
9395,1920
7910,776
8545,6856
5494,7773
4037,7675
8923,631
2603,3760
7264,1743
332,5369
7652,4448
6297,3043
6156,2971
8521,4462
9176,8053
2716,7786
1977,7213
9969,3363
7288,2525
5108,4753
7158,8638
4049,7145
5718,4485
8367,2725
2275,4911
8056,895
6972,1762
1089,9261
9920,9305
3534,1635
9312,2327
4630,9547
3738,4969
5642,6215
6799,952
1841,6294
7484,980
8715,2060
2236,6803
404,6828
8851,3574
2627,5695
9128,1827
1731,3805
5080,8002
3387,4233
5982,3377
9918,2209
3234,5469
1564,1864
9673,4913
1407,6484
5256,8630
449,2408
2669,8382
7292,6126
2588,419
4743,6083
9607,5483
3010,3604
8487,9460
1992,8626
8296,6013
8288,414
4338,7681
9377,8717
2439,7436
3404,6546
1016,4819
8466,3893
8688,2243
7199,9447
1445,9072
762,2091
6984,8400
8181,6048
95,2641
3843,9050
8496,1892
7311,3355
4849,7502
9886,5022
1586,6633
373,5324
6276,1236
558,11
8989,2079
1547,6229
21,1230
2307,8894
4000,3347
5940,3050
8258,2701
5925,1765
2639,5966
2820,3674
1203,3153
9055,8822
8745,3026
29,2973
3360,2485
5546,89
3856,9897
8935,4885
1382,803
7599,2346
5524,376
3521,6467
1296,7011
7967,4468
3550,7941
1639,9737
109,9034
8259,982
8143,7621
982,241
8638,1433
6606,2242
2995,7926
1426,3780
4964,5726
4709,4701
7514,8452
3283,5720
6287,7216
701,1673
8919,9612
44,8527
5689,5933
2745,3350
5732,7590
3206,7974
7437,2016
6821,2305
4650,5929
9131,4129
9195,4066
7900,7183
6680,4063
940,2005
3146,2133
8707,3747
764,26
2354,6350
7195,4465
5260,9780
8007,1313
2517,9215
1535,2563
3183,9093
2122,5141
621,4595
2666,7070
6228,7459
8567,7470
6959,7908
3151,6045
7963,1231
5520,9453
5261,7749
6739,968
5019,5609
6590,1320
6295,6129
5798,2158
693,4455
7075,8159
1323,4187
6834,4892
7691,2803
7935,1264
6030,2603
2256,505
3266,6956
1276,8895
1488,7092
9772,8441
7874,2859
6185,6886
9768,2865
4867,7864
9649,4407
8153,9874
6967,3296
1627,8339
4001,6881
9001,3038
6780,131
5344,2311
7927,4509
452,7475
8955,9121
4358,5370
854,5942
967,9899
8355,4514
809,7879
5813,20
6354,3399
1009,5624
3885,4144
183,6219
5038,965
9341,4354
2590,3293
2582,1394
2765,5793
489,1684
4666,1944
2521,4492
6650,3485
6848,7939
2299,6227
4569,5038
3876,4127
294,7897
1423,7574
8662,5852
6929,2219
1360,5658
7359,579
7616,2382
6915,3523
4323,9417
5106,2192
8840,7000
5377,502
4369,6378
850,3337
2014,7310
3036,9840
5649,5
1367,5506
6925,5069
8672,9270
9915,8218
4890,2634
2139,1275
4930,9821
3875,8294
1514,927
2624,4282
7068,4689
2447,5063
8790,9573
9549,7359
4361,5926
8023,1553
2213,563
7988,7452
2438,1066
2384,5104
3840,7263
7809,1378
1747,9817
7356,6311
6728,3590
3199,3668
4203,3732
5965,8563
8235,5706
5600,5840
1769,3501
6395,1699
3072,9997
4419,9595
4046,4363
1366,1822
343,8206
9898,8105
1150,712
7713,8622
1901,1296
7767,5610
4765,1532
8843,4734
2189,9016
1817,2049
8967,2442
9398,720
1224,3911
3562,7111
9288,408
9908,5184
7571,109
740,7354
2273,2567
7004,3887
7263,9274
6892,6197
5077,1685
7497,722
8775,5908
7951,9951
7820,7826
9048,8818
1268,5170
7637,4188
3831,2716
7555,5746
4504,8535
4774,7451
6601,1184
7051,6278
8001,3894
103,6845
9015,6169
3678,3228
9492,2157
628,2927
6495,9923
6298,2570
8675,2569
7400,1025
6368,7777
1530,2278
6593,8038
454,9622
7649,7254
3053,2578
1551,9117
4324,5622
7868,2454
6114,7753
4141,6552
4887,5988
5744,2284
2857,3597
5036,5158
222,6982
6196,7375
2476,1345
1401,6101
2643,5836
1983,5579
6223,6847
4479,6450
3762,8321
6322,4405
6927,371
5713,7179
8555,6894
2301,7082
9720,13
9931,6981
3681,9869
694,633
6035,7169
3927,6425
9024,5945
5619,6150
5408,4795
1826,5727
9874,4537
1395,7423
9498,4223
8249,1547
8897,7274
8827,8587
8340,4247
5300,7253
1648,9584
3374,3225
3179,4582
1806,5520
781,2860
3540,3495
1108,7519
6627,2467
5898,6374
2786,6962
391,4293
244,7022
6136,1098
7926,9465
4780,7284
4819,8510
4831,5730
5012,9406
9581,4175
1657,6492
3910,7291
6124,6211
5472,3051
5297,5278
5951,922
1839,4596
842,8584
3029,2764
8408,2593
6837,8703
9367,2189
6969,2290
5141,6488
576,2510
926,2283
2631,2522
2581,6191
6687,6709
8382,4521
6885,2791
7827,8704
4175,2781
8710,1988
652,5664
5016,4389
9567,5921
2200,6352
4334,9366
5662,9976
7579,4760
5463,1910
2032,5976
1739,9533
2488,4843
9576,3957
1722,5604
9485,3194
3956,7306
3165,1149
1174,5298
5550,1160
7076,5264
7064,5454
6147,1709
7122,4661
1197,5056
5557,2066
5280,3999
3000,8990
6351,2071
469,4735
2587,3695
9773,932
7596,7768
2895,5008
5572,9199
1601,1182
4850,1861
3773,5407
9885,1776
3556,9071
375,4079
6907,8468
1939,2308
5059,2751
8420,9386
6218,6463
5089,1459
2303,128
4693,9540
9487,1076
1301,2364
4719,4162
3375,2832
5969,3854
5957,4920
1345,750
2089,7182
2889,6901
2249,6498
257,9076
6998,4798
6715,9244
7513,7006
5643,8767
2653,6595
4760,9477
7640,2462
1566,3257
7541,8657
5561,4139
1448,4797
3515,4622
3593,766
5807,7994
436,9524
2049,6664
8059,3834
6372,6022
9493,491
412,8185
8590,6053
6975,5623
6839,4378
6116,1520
9251,5441
8188,485
7205,3303
6899,8142
8485,587
3495,3866
1875,8042
3307,2075
228,9306
4331,5552
2989,5681
5490,6599
91,1540
8770,9924
5697,2620
4771,1648
8864,9392
1029,2903
9705,5844
6657,5314
997,3186
8376,1840
8182,1265
7956,9401
7414,6030
2844,1339
3193,9222
8866,9426
9794,1069
2544,9193
7201,8048
2958,5302
3252,9226
3452,9262
392,5710
2232,1007
9080,4317
3754,5244
3351,3802
8640,7775
5629,4313
3877,7947
7254,7688
8075,2534
7934,8277
7293,9235
6618,4527
9099,9375
2506,5002
7160,7693
9244,4678
5598,7527
7434,6929
4166,7700
6617,721
2150,361
5696,3865
8277,4100
1765,9418
4861,7381
2932,2257
7406,9190
7604,5102
6860,5939
6029,9092
7870,8631
9683,5490
4523,2335
1259,4526
3816,278
9117,6711
8262,5043
5834,294
6005,9936
8036,7321
1510,6001
9058,6967
4932,6251
6464,5087
8554,7465
2547,3994
3133,3755
2559,3136
9965,8023
4253,6732
8660,5321
4862,3241
8233,6505
5489,7303
6524,4005
8166,6980
5967,1438
9597,3788
9868,3877
153,6290
1370,1906
9045,5920
7744,4529
7502,8555
3305,600
8850,2894
1976,5255
5763,7874
2203,9699
1347,2119
9896,1693
8774,7757
5284,6619
5156,6120
5487,3330
5484,4101
9333,9476
8304,283
1290,7834
9376,8240
4875,5404
6025,5294
3301,2404
830,1719
1718,7437
3060,1868
6469,2131
9704,503
2841,4507
4280,1834
5452,8726
9614,1661
5493,9110
7527,7264
2501,9146
9863,516
8558,5345
5787,9480
2712,3972
2952,9060
9119,2682
1600,7392
7742,4116
1492,1244
921,6623
8575,3442
1504,5880
9361,3380
1981,9289
3780,4035
5457,2727
6307,127
2202,7776
7123,8167
5217,6730
6917,749
6151,6473
2062,6321
311,4728
8474,1691
3878,5753
1177,6242
4713,5823
8540,6464
3336,4832
1829,3789
907,5612
9225,8698
3314,9114
7930,8021
8219,9888
2983,7812
8370,8057
3068,45
4688,6014
6436,3659
3961,933
4222,5711
3844,4938
2011,4351
1669,1306
5358,8531
8012,6086
6979,5717
9349,4695
5165,679
1849,8102
7135,4682
3162,9908
6427,7516
4773,6511
4870,1500
9641,4044
9219,2151
5536,9979
1188,7195
4118,6503
7559,8679
1837,6480
6703,2135
8145,9164
8706,8795
6270,7684
9200,9043
9412,7615
6551,3494
8875,5983
1333,5204
6932,5386
3893,6731
8525,8362
3024,2497
9289,468
6971,4151
729,7294
9082,589
41,2743
6234,3131
5022,7699
4663,7829
7196,3201
2512,2139
8993,1746
9654,4444
7661,1812
9652,7458
1844,5347
1629,4723
5149,3482
1636,9639
6299,8664
3744,462
2583,937
5326,437
1531,7103
1720,4990
9943,145
6557,144
9216,1314
2938,2475
293,1202
5102,6827
6214,1744
8756,5683
5333,4294
3392,816
6833,4636
6284,1033
176,7548
6377,6580
6530,85
766,6705
8771,7901
1332,4805
695,5546
6785,6226
8327,7653
1909,98
7489,6312
1200,97
8389,1660
3803,4023
7169,5430
287,3226
9161,1946
9555,3282
2306,4286
7650,4060
2134,405
6916,3290
9321,8721
9418,6331
2965,1941
4493,8565
5814,9153
1857,7597
5139,5539
9208,7537
3326,8691
3948,9407
5988,5413
7531,3092
1616,5522
7904,2085
2620,7191
3975,8978
131,4995
415,3672
1612,5869
6741,1276
2954,2584
4948,696
505,82
3454,7330
2701,738
1241,2841
2079,7363
8465,5116
8685,6813
8011,4807
1697,1207
4934,4478
6649,1615
323,3024
7040,4638
8226,3647
7887,8480
3672,8982
6531,5147
5015,9618
6546,9605
1120,3707
2960,8472
3003,5099
4268,9554
6634,3012
7546,5046
5984,657
4627,7501
4172,2553
4656,4490
3869,775
1441,5096
5574,7130
1221,3058
3579,5234
5884,2229
7814,1410
6817,4430
5936,3987
1273,4312
2705,7578
5575,3417
6709,7341
6211,339
5664,613
8887,2962
335,1435
3372,7770
5255,1764
4587,6132
2261,64
8573,831
1305,8799
7425,4413
7084,3807
3497,6300
9951,6218
30,279
6815,5459
8740,5267
8129,1511
596,9945
5663,8852
5635,5550
8164,5387
3401,7762
2897,1496
9780,3032
6186,1130
5505,5202
6388,9727
5275,7964
6126,6317
3644,2834
3511,6572
9252,3730
3637,3693
2695,3444
2432,2545
5966,1574
7797,5026
8648,8525
5438,8714
6369,508
1477,2674
6666,5902
3573,1466
2403,2679
7347,946
986,3620
8763,6817
8021,9601
4632,1224
8988,2722
4826,3351
6660,8043
5510,7690
9181,1887
4466,7755
9799,8786
5708,8007
2848,5756
2879,8770
8856,1142
2140,4454
5476,4069
8870,5375
7609,3061
879,970
1787,9441
9701,8420
4244,8044
9095,2707
4854,1078
7959,7713
1415,8200
8663,8637
4260,846
6133,9330
3598,4941
4478,8724
5694,1862
86,4196
4959,5009
7733,9909
5310,2213
2739,3129
5832,4215
2680,8650
867,5109
1346,8306
5199,2011
3396,8245
2019,4934
3441,5676
3923,1565
1054,4974
8503,5526
1831,203
5319,4939
7115,2605
1573,7830
6753,6058
1411,7955
2534,3074
855,8956
8025,8499
9019,1470
8035,8483
712,7448
2110,7194
4640,3660
3632,199
9936,6067
3643,7407
6573,6489
8876,137
1667,3517
2980,5687
9786,7148
4333,572
423,6055
2206,8930
3873,8699
1214,764
3980,6121
6727,7068
6404,1717
4894,9797
7486,7461
9424,5662
4835,8479
1334,510
4198,936
7580,9616
4283,8089
1394,9603
7824,8396
6099,5085
456,5254
4526,1940
9703,9892
9478,5210
3746,9454
8220,9552
9114,7202
3769,3321
8508,8695
2565,3002
4169,271
3247,8879
7324,3467
2482,8273
2197,1254
8607,8931
484,1366
9272,6964
9121,7929
6906,4503
2888,1206
6144,8000
2284,9374
6381,6034
2287,6707
6782,9036
605,9161
6853,6154
3126,3086
42,6666
9393,1587
1660,9671
7984,3149
2834,3895
9318,9615
6835,7483
4869,4428
6830,6264
5445,2038
5283,9952
2269,9925
7944,5655
3138,7257
8527,8319
1480,8119
5267,4395
6570,7064
1666,8522
2785,2438
2436,4847
3525,8210
2891,4379
4606,8968
1286,7525
826,9068
8148,3015
4939,1828
882,62
4570,3654
4572,3212
57,7930
4050,8270
2555,6618
8976,7677
6912,8688
5359,4667
5227,1041
2905,9842
8626,1295
5710,8255
5993,9265
1524,9175
8518,493
1865,3080
6267,5140
7315,1516
9503,7605
4112,117
3711,8115
3284,9852
3270,3250
4899,8090
2393,3615
4711,7304
9392,1990
3040,2328
6831,5972
2149,695
9422,7460
6068,7535
3546,7008
2964,2432
4872,446
5981,3395
6361,5629
4408,9667
2715,4394
8016,1667
8234,2758
8894,7279
6855,4645
9928,4360
9138,4694
5670,3676
6602,1093
9871,6808
9307,91
460,5567
2281,7973
4881,545
7189,6274
616,9675
5028,7557
6248,1938
591,5701
2589,4191
1965,3548
4625,7657
4363,8942
5666,2037
3476,6330
383,8495
2674,5952
1102,7680
4852,6893
6712,2585
983,7817
6092,4141
3092,8504
158,2225
3911,6130
3458,2812
9687,8697
3157,9829
8999,3766
3085,8891
1444,2550
6168,7919
6007,4285
3863,206
3037,1474
5229,8537
4900,4894
3501,265
6537,2234
2540,8649
6440,6296
9810,448
3144,608
4366,6801
8363,9353
9081,7492
1588,4359
9355,9035
3786,5991
5684,6908
613,4218
8411,5571
5847,4329
2951,2583
1515,1021
7552,4112
7060,1162
3,2418
3108,9129
4183,6610
6754,1805
9872,6087
1327,7814
7240,5285
7892,4497
6337,163
4025,1502
8925,2211
2918,1031
159,2478
8784,6524
3180,8708
1105,6734
9975,9506
3993,4207
169,9568
4602,7486
2394,5148
4646,3580
8823,3020
6499,1386
6479,2118
7618,4729
3776,1227
6213,6366
5926,967
4525,2560
4794,4964
2728,2899
3692,1001
3722,7725
5265,5719
4133,5094
8583,4117
4429,6793
6850,3499
6844,5668
2516,6323
2783,8552
3677,4138
7645,1541
7373,3936
9136,2652
4228,524
3524,9391
9977,4277
7936,1302
9233,2978
3833,4764
3752,9422
1550,8542
6783,3340
3851,4646
662,7865
3049,947
2081,1465
9118,1755
9446,639
4393,8416
3086,4080
549,3792
6318,6972
6721,4423
3827,8918
3475,321
7229,9429
3650,1651
6960,2843
8419,7818
5906,8901
6501,5669
194,9657
399,4768
8373,6927
8934,1449
5208,1073
4756,5501
7275,6804
9150,7410
7917,3516
9179,4543
4365,1539
9077,5475
3609,7207
8689,8301
3406,7601
4007,1491
9765,1552
2077,5515
9764,8040
7509,9800
1385,238
2859,9102
6811,7057
241,9362
8839,7794
9822,2696
3647,7385
818,8725
172,9152
7173,3197
2124,5716
7215,6437
5081,9055
5090,1129
104,2974
4045,627
561,4747
32,4618
5361,4552
7090,352
6316,9208
2999,1023
9302,8126
7295,9521
6908,4750
3613,1819
632,8548
5852,6343
1852,2041
7766,957
2170,8412
4675,4041
1711,7023
230,2472
4686,4830
5238,3598
8457,3251
8627,9263
1887,7652
476,5721
345,9640
4929,1037
8267,6285
7537,7781
5593,9440
4038,9496
1307,9578
275,3432
3570,4727
9658,7494
2106,3236
9932,6752
6762,8819
200,7390
9005,8967
787,7454
2105,7589
2944,5620
4674,8524
1630,4698
8072,4491
308,522
622,9940
7485,5810
9974,1104
8344,2749
8899,9023
4936,273
75,3220
4605,5282
4063,1863
9606,288
8422,1075
2104,8283
5808,1718
9729,5219
8548,1695
7920,1610
1169,6957
428,3206
239,3795
3787,3680
7379,3463
3983,9372
9149,7226
3589,4062
7515,4092
4485,5033
641,1473
8085,8969
3139,6493
7047,7146
60,9687
6956,808
9527,3469
4041,2906
9010,3935
8765,8556
9925,3478
9031,2252
4941,8953
1311,6873
3170,6773
1451,476
5097,2251
648,6602
2470,4867
9235,7940
3122,6935
4996,1939
5809,9806
260,9588
3376,2411
4068,3798
6317,1832
5428,5749
1205,9602
999,1158
2957,8884
6659,1077
7477,2823
6736,6406
5606,1402
6360,4109
6493,2736
2219,7580
3615,4587
5446,1035
3237,3622
1772,2180
8532,8082
5023,7579
2315,6716
8197,5495
3096,1115
6103,8944
4186,4910
6221,6696
9215,1971
3807,8373
9848,4966
7498,5824
8637,6252
9062,7694
3751,9686
5212,8811
5437,6186
8913,6148
474,8863
5589,925
7977,3354
696,7005
6605,335
8161,8266
4814,4813
8117,5229
4444,709
8255,177
2205,7018
4580,1493
4727,8985
6535,9309
2522,3998
9938,618
6182,9761
5565,1086
1170,4634
649,3561
2056,4283
7238,2331
1797,9461
8283,9107
8874,4548
1018,4208
2333,1980
8125,687
4834,2640
8053,4828
2475,4018
6976,1507
4554,9359
4011,2061
9107,9539
8245,6059
3503,8746
2904,8358
9710,8193
3838,1067
3094,4754
8912,5065
2067,2861
523,7763
2908,1375
8318,7514
9084,1977
2560,8405
5752,5859
4062,3262
9385,1045
2640,7298
7396,2469
6478,290
3464,58
6656,4043
4876,7240
6591,6327
2867,7
2766,2932
1435,2581
6497,1136
6669,9358
8396,9531
4439,3528
4274,6857
5691,805
432,700
1725,7030
8797,4045
727,3488
4357,3094
2322,5052
1553,2286
5058,2869
6140,4009
8510,3115
7547,4541
5,313
6155,9643
8152,1579
8832,2014
388,9678
9148,6385
8158,1248
603,5292
1455,663
1326,416
7524,3505
1999,8033
932,9893
1508,6757
9813,2425
6139,7432
1541,5849
2158,3385
8711,4924
9883,9029
9902,3869
9362,1630
775,7836
3031,5438
5467,6749
6467,3705
3098,9591
7842,4528
8504,2711
3391,6920
5021,3090
9657,5425
6552,5558
2839,6777
2567,4368
9719,4402
1864,2920
6923,820
3760,6037
6819,2028
6519,6890
6685,4812
8442,3838
5622,9278
7017,1144
7427,9592
7327,985
4036,2783
4909,9889
6561,1125
4216,8134
2870,2170
4017,5959
8523,8896
7593,3027
2719,8731
7439,7350
2878,4303
5037,3316
1013,4450
3294,5073
7664,4049
4911,1369
994,1488
7402,6548
9956,5212
5821,1735
4772,5266
8847,7259
2852,6170
4684,6077
7532,8959
6225,1053
3661,7689
7828,1592
1539,2224
1409,1107
26,1639
2809,7716
3998,5627
8,7177
614,7488
4498,9008
8501,7282
9222,3813
9812,3713
9942,755
192,4133
9970,5809
4829,5909
9634,7377
446,3084
5083,4292
6266,8608
4577,3741
6163,6305
2218,5806
3006,8791
4902,9250
4057,3455
33,6833
2414,2533
8954,2509
10000,8285
1113,4241
8505,353
5975,9323
1978,4912
2654,8808
3485,1933
9087,7823
5047,4860
1264,4220
4910,3853
9047,4810
7804,7344
5878,4886
1860,4693
6734,5124
2628,7434
3124,3979
6522,5521
1626,9486
48,4008
6483,9189
1256,2062
4531,917
567,65
4524,8262
6001,5133
6954,7089
7052,4271
2117,7487
1414,2998
7875,3382
9408,4264
663,9320
7572,5001
8536,5994
5893,6375
3867,7967
9142,6855
7266,9902
1763,3827
9514,4785
2519,4251
367,4623
4677,4597
7965,7993
644,7312
1846,8579
2065,4516
4769,1985
9624,3940
1714,2659
5411,2471
9575,7083
6807,9428
5332,1583
7753,2294
6933,3411
2420,3484
4868,8943
929,6882
1570,6361
3775,3164
5673,213
6647,4712
3480,8378
728,7933
6615,5409
2041,6708
366,5485
3608,3649
4896,829
8512,8993
2429,5541
9230,2264
4649,1538
893,2661
2465,8820
1117,9950
7232,5829
2635,4556
7255,6758
6004,2188
1068,4030
1915,2372
6598,9184
2845,6794
9415,4749
1621,5123
9197,6659
6115,5468
4858,6697
225,2573
5779,1486
5454,6201
5636,9322
1453,8835
3771,580
1683,2214
9094,7673
4863,1124
8514,6111
9845,7743
2279,5875
2348,6082
9947,3762
2678,8415
3350,1418
2445,8326
3871,7937
8721,1325
7085,988
3709,2929
6085,2275
8613,3240
1244,2228
2305,9604
2344,7155
3390,4673
7520,9333
4388,8606
6050,8380
5060,6507
4058,2759
2663,6690
7907,3744
4604,6606
9198,9914
6746,6157
3656,4434
5579,2961
8290,5815
2664,4174
1842,1210
4651,498
9124,2486
1908,5848
1734,2708
6,9095
5865,743
1436,5015
2524,7215
2396,4713
199,234
9106,6000
6178,9288
7591,3872
866,5067
6446,8056
5831,9534
253,6831
5069,1989
7431,2999
1873,4288
5257,9259
9833,7159
777,8296
9500,1569
9439,6769
9887,1201
2757,5738
3333,6216
9561,3233
6226,6446
6008,3537
4802,8109
4714,6995
59,1725
5110,6932
1456,5766
4224,2976
8284,3933
2091,9194
6052,3576
8544,1870
9566,2143
3226,7875
7584,5659
8440,8427
2780,8616
8043,4553
9167,4403
7921,5066
1876,1601
7666,9894
3796,935
2564,6188
3297,2693
6060,930
4140,7042
3232,8323
5065,1040
8970,4246
2622,7435
2992,881
4770,5712
1742,3941
7939,2541
6640,1282
282,8547
181,7493
1896,8173
4237,7302
2221,5228
4287,3752
208,2197
4998,5647
4317,2102
7924,983
3995,8136
6460,4315
7329,2350
5434,2484
1835,7468
9122,9500
7642,4585
3721,9385
8597,2949
4152,7842
8809,3993
5641,8655
2979,7577
3862,819
5072,4489
827,2963
9927,9416
7989,8567
9897,1094
9744,6604
9223,2582
883,6418
1507,1690
6681,9051
7893,465
5955,3791
3597,4746
8321,8600
3903,6821
1689,8389
8336,135
1359,6684
2290,675
4304,5931
8877,888
3655,6273
1472,6453
8093,8582
5782,9701
3854,4722
8948,9631
3813,4152
9515,4654
2111,8911
9256,2943
2886,6161
7798,4882
6434,1057
4416,6057
1470,5411
8319,4178
1234,5416
2734,9442
9892,5412
9802,6108
9907,9066
2220,3825
6544,7610
4882,7890
2253,1283
5543,5168
4236,7062
6300,7280
7413,2835
5521,2779
81,6798
168,7797
1905,6668
1399,6410
2196,3731
1938,7383
7141,7991
9085,6939
1067,4200
3099,6084
8566,2649
4641,5605
4309,3035
6463,2689
2691,2343
8631,1636
1544,688
8062,6131
5225,3863
3728,1308
9473,240
3664,3687
2874,8353
1854,5947
1511,6628
4136,8139
6769,9026
7190,8387
8593,8609
4792,378
1156,1656
8350,6230
296,5927
3959,4891
1637,7276
7575,3536
5306,3758
2097,2370
8006,8348
6154,6906
2546,2831
2553,9731
6251,5860
6264,2794
9752,7205
786,94
841,9149
7217,3157
9196,6079
5836,7822
8758,8532
1611,2103
1959,590
1069,360
7819,7962
3258,4952
936,4691
5027,571
8243,4078
5473,8915
6682,5516
526,7748
2740,6047
2392,3743
956,1266
5740,715
1148,1644
3850,535
3142,3617
6963,436
8248,3071
5114,7025
2781,8605
1230,615
76,5865
2480,7742
6948,4
5885,1720
3653,398
7156,409
3155,3010
8017,774
8369,6936
3411,9213
9816,3799
2776,7737
123,3344
5549,596
5859,7211
3426,3088
4557,3118
7961,2565
8294,2702
8115,2123
5020,4295
1216,3009
7148,2465
2043,3083
2735,5458
5220,4564
722,3139
3964,8184
7595,7499
6063,277
3654,9365
674,1400
6227,4737
3564,1374
1125,303
3988,6449
408,5535
3100,1164
1623,5979
2794,1816
4590,1309
3324,707
2513,6459
6744,48
6058,3520
5888,1934
7306,2735
7960,5068
7259,106
18,496
2970,1818
2885,5935
3506,1222
5591,6433
8119,4726
1661,1806
8454,7088
7682,450
6012,2681
7345,2957
7624,252
1428,8617
4530,640
4593,6228
5322,5850
5624,3742
3359,1904
8058,9456
8349,4841
9940,8032
4154,8160
6471,5964
3349,2272
3168,3923
734,6516
9792,5206
1922,1148
4102,6137
2007,3722
4420,4476
328,7795
372,7750
6142,9845
6512,443
8708,8492
6745,6636
6352,3543
8088,5671
8952,1915
9382,4256
8576,1774
4676,1710
85,9041
3842,3480
4611,6869
4292,5961
3356,8727
9736,1769
8886,7058
3549,2501
6206,4440
8105,5640
5709,2881
1766,5861
4157,3860
671,5195
7368,1593
186,6877
9686,5990
2892,7104
3352,3819
6641,4085
1434,6475
3431,6774
1881,4895
2824,896
2325,4142
2331,3287
785,533
7764,9355
9904,6593
5150,8640
4149,7595
7065,1855
3348,9683
2935,4230
9834,6897
8380,6958
4075,735
6510,6298
4827,8376
1777,6113
8246,3384
9694,1152
4267,2161
4405,9794
1644,868
2819,5503
7185,883
9330,5508
7850,6308
9035,54
1303,7002
7442,5400
3456,9672
1233,3069
333,1533
3444,5643
6951,1730
9643,1140
703,7080
1754,1733
288,8766
7242,8629
5250,7922
2418,2083
8030,5970
1422,1919
3033,6576
387,6010
9459,4762
4335,1317
6970,7131
1128,2166
4258,3964
2254,5930
2100,2572
1859,5138
739,1821
1693,5606
4178,1004
9323,3848
2837,1790
681,9825
2450,892
7424,6454
8781,1342
5811,3635
4008,9439
5528,1626
5178,7804
4243,4985
6838,2890
9650,7199
147,5478
3594,9010
9844,250
9255,5272
4142,3461
2094,4122
8632,1911
1838,1913
7573,1316
8780,5032
6740,7831
1440,9575
5465,8490
8772,8118
378,4319
1808,5592
1631,168
6673,2539
1014,6372
8636,8369
6864,8860
843,2668
3432,4306
6152,3264
1979,1492
9888,6069
8622,9785
2511,6688
8647,3476
3239,9218
7474,6907
5155,2858
6066,6270
1420,3331
3084,7295
9682,1172
4291,1800
4946,8344
3056,728
7749,3275
2679,806
4838,9242
9320,3692
5088,1398
4687,833
3547,3100
9854,174
5976,2110
2703,3907
173,2609
1699,969
4997,1617
6644,5161
8704,1072
6767,5666
3030,4002
1505,4375
5303,5790
4549,3033
2769,9677
1830,4338
3272,2987
4299,6376
1613,4177
480,8512
3050,9267
575,2936
3591,175
5142,9002
2260,3585
7460,5402
7057,3428
8424,3075
9388,8375
2039,4835
4995,6603
2731,1015
4446,4751
2967,7288
6315,2778
1152,3862
2762,5417
5179,9101
7276,8096
1004,1311
1336,8849
8083,8832
4367,5005
3256,5169
9594,6402
4212,1645
7462,869
232,5881
202,2403
6271,3169
594,8861
3462,2080
6810,2386
9339,804
7995,8886
2775,7218
389,8407
7495,6950
8513,9772
4720,9243
8490,3982
2280,6176
4448,9974
5503,5079
7491,4163
1171,4946
5527,7120
7668,6383
1884,9738
7916,2381
4097,6741
8619,9885
9990,4296
9070,4397
7674,5308
7973,5857
8557,9942
8394,1957
7082,1973
6171,2280
4550,5962
633,1081
2085,4168
708,6529
2699,310
2084,5803
599,8097
3675,2371
2972,708
9484,5031
3680,9666
3817,7167
4090,2186
7153,2279
9455,1318
8275,3977
973,9694
5933,7505
401,1523
9140,9865
8991,3616
5532,3135
3930,3493
6285,7769
514,7703
7884,7602
7056,2453
7138,3310
688,5377
5355,3358
6636,2458
6608,8209
1990,5142
3156,3884
3568,4599
5009,197
6862,7485
5849,3550
3260,6365
1579,200
5365,4711
3189,3276
6928,1434
742,5132
5173,9926
9783,9938
9147,4705
1145,4542
8903,8305
3715,9721
7072,4032
2225,1622
7815,475
1821,6268
4189,9179
4553,7484
4128,5570
4624,4997
8863,8307
8432,5593
942,4982
154,5745
5482,7543
4637,7636
2642,4201
7630,2648
887,1678
1368,3996
4310,3709
9733,322
307,4330
6028,4606
8451,5899
1868,8702
3554,6925
524,514
6516,9851
2748,7172
141,9318
2304,8131
6812,9992
4643,9064
2489,7355
9618,7506
4830,9586
325,6639
5687,4438
9373,1891
3325,6483
1019,1169
9823,2956
2121,1777
3870,7026
5216,384
2594,4840
1760,9225
6961,8859
8057,6357
5617,4662
5175,3365
2910,3489
3061,2206
9734,3673
6992,9562
7032,8111
1790,253
1743,5854
756,16
6349,2368
4234,8372
6918,424
3630,1408
4797,8269
1919,1525
8286,8607
2161,8242
8326,2154
6629,256
1242,1739
2861,9445
499,9791
3676,5354
7918,9314
3679,3607
6187,83
5703,4055
5753,9900
4053,2883
593,8570
1109,2366
2098,1756
4055,6143
4275,2053
2468,7419
7391,3327
6684,6455
9700,8644
2153,8921
3104,9100
6084,1945
1124,9396
2326,7039
8034,532
5206,6899
2401,960
6758,6806
3896,2981
7680,7235
5864,1580
9737,3427
2828,9319
724,6517
7377,7045
2756,8647
8312,7547
5661,3870
8478,6523
8777,650
1295,6166
5128,382
7751,8872
393,9834
3849,8713
7267,2498
4581,6652
8224,7984
1677,2767
2771,6389
5375,2685
6241,355
2227,5213
2126,5563
8901,3868
7289,8810
5122,7969
4592,1676
7366,6998
8696,682
9508,7520
6169,8687
6814,8333
2586,1071
763,8330
8686,3352
5440,4849
4139,4146
9237,6187
2754,1921
7638,9371
3610,9645
4040,8653
9517,4861
2424,4447
4783,5250
9695,8854
351,6287
8857,5553
3161,7420
6558,4865
7598,7509
1166,5569
3012,400
6230,5333
9505,2140
5879,4310
947,7170
4247,7529
284,8430
6896,9569
7279,2319
3516,7665
7358,3951
5388,2853
6716,8026
8667,425
1931,9491
2064,9788
4387,8313
1139,5973
2877,9529
2009,4960
995,2537
2532,4893
4463,9019
1417,5487
2417,8806
7763,6527
9843,2269
6148,4261
9756,7160